{
    "roc_auc": 0.8930007124090962,
    "classification_report": {
        "0": {
            "precision": 0.9973665837855051,
            "recall": 0.8233616793229319,
            "f1-score": 0.9020494073335549,
            "support": 197794.0
        },
        "1": {
            "precision": 0.04837391730674947,
            "recall": 0.8050770625566637,
            "f1-score": 0.09126413155190134,
            "support": 2206.0
        },
        "accuracy": 0.82316,
        "macro avg": {
            "precision": 0.5228702505461273,
            "recall": 0.8142193709397978,
            "f1-score": 0.49665676944272813,
            "support": 200000.0
        },
        "weighted avg": {
            "precision": 0.9868991946742444,
            "recall": 0.82316,
            "f1-score": 0.8931064457416831,
            "support": 200000.0
        }
    },
    "confusion_matrix": [
        [
            162856,
            34938
        ],
        [
            430,
            1776
        ]
    ]
}