{
    "roc_auc": 0.8806465860141807,
    "classification_report": {
        "0": {
            "precision": 0.9901501833341705,
            "recall": 0.996637916215861,
            "f1-score": 0.9933834571310509,
            "support": 197794.0
        },
        "1": {
            "precision": 0.2692307692307692,
            "recall": 0.11106074342701723,
            "f1-score": 0.15725288831835688,
            "support": 2206.0
        },
        "accuracy": 0.98687,
        "macro avg": {
            "precision": 0.6296904762824699,
            "recall": 0.5538493298214391,
            "f1-score": 0.5753181727247039,
            "support": 200000.0
        },
        "weighted avg": {
            "precision": 0.9821984421966098,
            "recall": 0.98687,
            "f1-score": 0.984160936957047,
            "support": 200000.0
        }
    },
    "confusion_matrix": [
        [
            197129,
            665
        ],
        [
            1961,
            245
        ]
    ]
}